Id,Code,Latitude,Longitude,City,CountryName,CountryCode,TimezoneOffset
330380,DHG,44.558748,135.490005,Дальнегорск,Russia,RU,0
330383,DLR,45.877949,133.735822,Дальнереченск,Russia,RU,0
315624,DPT,69.392503,139.890012,Депутатский,Russia,RU,0
43003,TKM,56.361668,114.93,Таксимо,Russia,RU,0
44301,NOI,44.962905,37.999071,Крымск,Russia,RU,0
323478,MJY,58.180921,94.745272,Мотыгино,Russia,RU,0
352227,UHS,50.877144,142.17561,Александровск-Сахалинский,Russia,RU,0
35001,KVK,67.462851,33.585294,Апатиты,Russia,RU,0
42330,TYA,54.239,37.6,Тула,Russia,RU,0
44992,LNX,54.824,32.025,Смоленск,Russia,RU,0
45191,EIK,46.68,38.21,Ейск,Russia,RU,0
32507,BQJ,67.648003,134.695007,Батагай,Russia,RU,0
314969,SUK,67.792,130.394,Батагай-Алыта,Russia,RU,0
44859,UKG,70.011002,135.645004,Усть-Куйга,Russia,RU,0
327559,TLK,59.876389,111.044444,Талаканское месторождение,Russia,RU,0
30617,ADH,58.60279846191406,125.40899658203125,Алдан,Russia,RU,0
6447,YKS,62.0933,129.770996,Якутск,Russia,RU,0
5751,NER,56.913898468018,124.91400146484,Нерюнгри,Russia,RU,0
32509,MQJ,66.450861,143.261551,Хонуу,Russia,RU,0
44667,KDY,62.7890014648,136.854995728,Хандыга,Russia,RU,0
42979,GYG,62.103484,129.545288,Маган,Russia,RU,0
32510,OLZ,60.401833,120.476094,Олёкминск,Russia,RU,0
44662,USR,64.550003,143.115005,Усть-Нера,Russia,RU,0
44668,UMS,60.356998443604,134.43499755859,Усть-Мая,Russia,RU,0
43673,VHV,63.458057403564,120.26916503906,Верхневилюйск,Russia,RU,0
32511,NYR,63.296703,118.341953,Нюрба,Russia,RU,0
35092,SUY,62.185001373291,117.63500213623,Сунтар,Russia,RU,0
43006,VYI,63.756668,121.693336,Вилюйск,Russia,RU,0
32512,ULK,60.7206001282,114.825996399,Ленск,Russia,RU,0
44597,ONK,68.514999,112.480003,Оленёк,Russia,RU,0
6448,PYJ,66.400398,112.029999,Якутия,Russia,RU,0
6449,MJZ,62.534698486328125,114.03900146484375,Мирный,Russia,RU,0
44870,SYS,71.927902,114.080002,Саскылах,Russia,RU,0
43667,BGN,68.556227,146.22784,Белая Гора,Russia,RU,0
316761,SEK,67.4805,153.7364,Среднеколымск,Russia,RU,0
32514,CKH,70.6231,147.901993,Чокурдах,Russia,RU,0
30870,CYX,68.7406005859375,161.33799743652344,Черский,Russia,RU,0
6450,IKS,71.697700500488,128.90299987793,Тикси,Russia,RU,0
42980,ZKP,65.7485,150.8889,Зырянка,Russia,RU,0
43684,ZIX,66.7965011597,123.361000061,Жиганск,Russia,RU,0
6454,BQS,50.42539978027344,127.41200256347656,Благовещенск,Russia,RU,0
43687,EYA,53.687023,127.090972,Зея,Russia,RU,0
32490,TYD,55.284936,124.77901,Тында,Russia,RU,0
6455,KHV,48.528338,135.188588,Хабаровск,Russia,RU,0
31790,KXK,50.409000396728516,136.9340057373047,Комсомольск-на-Амуре,Russia,RU,0
43866,GVN,48.925067,140.035348,Советская Гавань,Russia,RU,0
6456,DYR,64.734902,177.740997,Анадырь,Russia,RU,0
6457,PVS,64.37809753417969,-173.2429962158203,Чукотка,Russia,RU,0
44473,KPW,67.845001,166.139999,Кепервеем,Russia,RU,0
6458,GDX,59.9109992980957,150.72000122070312,Магадан,Russia,RU,0
44660,KVM,64.665446,170.417626,Марково,Russia,RU,0
6459,PWE,69.783302,170.597,Апапельгино,Russia,RU,0
42962,SWV,61.921786,159.229059,Эвенск,Russia,RU,0
45189,BQG,52.381041,140.449378,Богородское,Russia,RU,0
44611,NLI,53.154999,140.649994,Николаевск-на-Амуре,Russia,RU,0
35177,OHO,59.410065,143.056503,Охотск,Russia,RU,0
6460,PKC,53.168716,158.451068,Петропавловск-Камчатский,Russia,RU,0
34959,BVV,44.919998,147.621994,Курильск,Russia,RU,0
35126,OHH,53.516446,142.881426,Оха,Russia,RU,0
319423,ITU,45.256389,147.95549,Курильск,Russia,RU,0
35125,EKS,49.1903,142.082993,Шахтёрск,Russia,RU,0
41837,DEE,43.961066,145.684977,Южно-Курильск,Russia,RU,0
41838,NGK,51.783955,143.141785,Ноглики,Russia,RU,0
32521,ZZO,50.669929,142.760082,Тымовское,Russia,RU,0
6461,UUS,46.885461,142.717466,Южно-Сахалинск,Russia,RU,0
326733,AEM,45.84126,137.673568,Амгу,Russia,RU,0
330390,ETL,46.541704,138.321703,Светлая,Russia,RU,0
330386,EDN,47.178201,138.657357,Единка,Russia,RU,0
313831,KVR,44.2726,135.029,Кавалерово,Russia,RU,0
43867,TLY,44.814999,136.292007,Пластун,Russia,RU,0
331737,NEI,45.0825,136.5912,Терней,Russia,RU,0
6462,VVO,43.396256,132.148155,Артём,Russia,RU,0
6463,HTA,52.024841,113.305839,Чита,Russia,RU,0
42998,CZR,56.914423,118.270072,Чара,Russia,RU,0
6464,BTK,56.3696,101.701822,Братск,Russia,RU,0
32523,UIK,58.135409,102.556066,Усть-Илимск,Russia,RU,0
6465,IKT,52.266707,104.395563,Иркутск,Russia,RU,0
32524,ODO,57.866100311299995,114.242996216,Бодайбо,Russia,RU,0
42926,ERG,61.2750015259,108.029998779,Ербогачён,Russia,RU,0
32525,KCK,57.773,108.064,Киренск,Russia,RU,0
332617,RZH,42.921698,133.904438,Преображение,Russia,RU,0
42930,UKX,56.856701,105.730003,Усть-Кут,Russia,RU,0
32528,NZG,55.8008,109.595001,Нижнеангарск,Russia,RU,0
6466,UUD,51.808614,107.439652,Улан-Удэ,Russia,RU,0
6488,ARH,64.60030364990234,40.71670150756836,Архангельск,Russia,RU,0
35124,VKV,64.441704,40.4217,Архангельск,Russia,RU,0
44768,LDG,64.8960037231,45.7229995728,Лешуконское,Russia,RU,0
32040,NNM,67.639999,53.121899,Нарьян-Мар,Russia,RU,0
42918,CSH,65.029999,35.733334,Соловецкие острова,Russia,RU,0
30643,AMV,69.76329803466797,61.556400299072266,Амдерма,Russia,RU,0
43672,VRI,68.848503,58.201401,Варандей,Russia,RU,0
31780,KSZ,61.235801696777344,46.6974983215332,Котлас,Russia,RU,0
6489,LED,59.800301,30.262501,Санкт-Петербург,Russia,RU,0
6490,MMK,68.7817,32.750801,Мурманск,Russia,RU,0
6491,PKV,57.781316,28.39384,Псков,Russia,RU,0
6492,PES,61.885201,34.154701,Петрозаводск,Russia,RU,0
30819,CEE,59.273601532,38.015800476100004,Череповец,Russia,RU,0
42994,VUS,60.7883,46.259998,Великий Устюг,Russia,RU,0
32571,VGD,59.282501,39.944401,Вологда,Russia,RU,0
6498,KGD,54.89161,20.598559,Калининград,Russia,RU,0
6503,ABA,53.740002,91.385002,Абакан,Russia,RU,0
6504,BAX,53.361285,83.539701,Барнаул,Russia,RU,0
42913,RGK,51.969204,85.836539,Горно-Алтайск,Russia,RU,0
6505,KEJ,55.2701,86.107201,Кемерово,Russia,RU,0
42951,BKA,61.676701,96.355003,Байкит,Russia,RU,0
30995,EIE,58.474201,92.112503,Енисейск,Russia,RU,0
44740,YAE,60.255001,90.195,Ярцево,Russia,RU,0
42955,TGP,61.589699,89.994003,Бор,Russia,RU,0
42956,VEO,60.373299,93.011703,Северо-Енисейский,Russia,RU,0
32543,GOY,64.333511,100.432892,Тура,Russia,RU,0
32544,VAQ,60.356229,102.309641,Ванавара,Russia,RU,0
42952,BGS,58.380615,97.472336,Богучаны,Russia,RU,0
43337,KNY,58.479401,99.093903,Кодинск,Russia,RU,0
6506,KJA,56.175743,92.485788,Красноярск,Russia,RU,0
44425,KCY,56.177584,92.545881,Красноярск,Russia,RU,0
30616,ACS,56.269185,90.57511,Ачинск,Russia,RU,0
31793,KYZ,51.669399,94.400597,Кызыл,Russia,RU,0
6507,OVB,55.019756,82.618675,Новосибирск,Russia,RU,0
6508,OMS,54.963124,73.312418,Омск,Russia,RU,0
32546,SWT,60.7094,77.660004,Стрежевой,Russia,RU,0
32468,TOF,56.380299,85.208298,Томск,Russia,RU,0
32045,NOZ,53.811401,86.877197,Новокузнецк,Russia,RU,0
42953,DKS,73.517807,80.379669,Диксон,Russia,RU,0
6509,HTG,71.97810363769531,102.49099731445312,Хатанга,Russia,RU,0
42958,SES,66.839996,88.403336,Светлогорск,Russia,RU,0
31660,IAA,67.437202,86.621902,Игарка,Russia,RU,0
6510,NSK,69.307951,87.325906,Норильск,Russia,RU,0
32547,THX,65.797203,87.935303,Туруханск,Russia,RU,0
6511,AAQ,45.002102,37.347301,Красный Курган,Russia,RU,0
31522,GDZ,44.5820926295,38.0124807358,Геленджик,Russia,RU,0
6512,KRR,45.034465,39.174215,Краснодар,Russia,RU,0
42924,GRV,43.388106,45.699772,Грозный,Russia,RU,0
6513,MCX,42.816799,47.652302,Махачкала,Russia,RU,0
6514,MRV,44.225101,43.081902,Минеральные Воды,Russia,RU,0
6515,NAL,43.512901,43.6366,Нальчик,Russia,RU,0
6516,OGZ,43.205101,44.606602,Беслан,Russia,RU,0
43689,IGT,43.323268,45.012568,Сунжа,Russia,RU,0
6517,STW,45.10919952392578,42.11280059814453,Ставрополь,Russia,RU,0
326363,ROV,47.493888,39.924722,Ростов-на-Дону,Russia,RU,0
44865,TGK,47.1983333,38.8491667,Таганрог,Russia,RU,0
6519,AER,43.449902,39.9566,Сочи,Russia,RU,0
6520,ASF,46.282843,48.010511,Астрахань,Russia,RU,0
6521,ESL,46.3739013671875,44.33089828491211,Элиста,Russia,RU,0
6522,VOG,48.78134,44.339194,Волгоград,Russia,RU,0
26370,CEK,55.303141,61.504927,Челябинск,Russia,RU,0
26371,MQF,53.391991,58.755235,Магнитогорск,Russia,RU,0
327554,SBT,71.219167,72.052222,Сабетта,Russia,RU,0
343470,BVJ,70.315278,68.333611,Бованенково,Russia,RU,0
26372,SLY,66.5907974243164,66.61100006103516,Салехард,Russia,RU,0
32551,YMK,68.467676,73.596733,Мыс Каменный,Russia,RU,0
45048,KKQ,65.717,82.455,Красноселькуп,Russia,RU,0
32552,TQL,64.930485,77.811295,Тарко-Сале,Russia,RU,0
44860,UEN,65.9599990845,78.43699646,Уренгой,Russia,RU,0
43693,EZV,63.92100143432617,65.03050231933594,Берёзово,Russia,RU,0
26373,HMA,61.0285,69.086098,Ханты-Мансийск,Russia,RU,0
43688,IRM,63.200391,64.440136,Игрим,Russia,RU,0
42942,KXD,59.655083,67.430046,Кондинское,Russia,RU,0
42944,NYA,62.110001,65.614998,Нягань,Russia,RU,0
43692,EYK,63.686901,66.698601,Белоярский,Russia,RU,0
32554,OVS,61.326622009277344,63.60191345214844,Советский,Russia,RU,0
32548,URJ,60.103298,64.826698,Урай,Russia,RU,0
31670,IJK,56.834524,53.462172,Ижевск,Russia,RU,0
42945,KVX,58.503883,49.347831,Киров,Russia,RU,0
35175,NYM,65.48090362548828,72.69889831542969,Надым,Russia,RU,0
32057,NUX,66.06939697265625,76.52030181884766,Новый Уренгой,Russia,RU,0
26374,NJC,60.949299,76.483597,Нижневартовск,Russia,RU,0
26375,PEE,57.914501,56.021198,Пермь,Russia,RU,0
26376,KGP,62.190399169921875,74.53379821777344,Когалым,Russia,RU,0
42943,NFG,61.108299,72.650002,Нефтеюганск,Russia,RU,0
35176,NOJ,63.18330001831055,75.2699966430664,Ноябрьск,Russia,RU,0
26377,SGC,61.340501,73.405782,Сургут,Russia,RU,0
26378,SVX,56.743099212646,60.802700042725,Екатеринбург,Russia,RU,0
342469,RMZ,58.059712,68.347997,Тобольск,Russia,RU,0
32471,TOX,58.135799,68.231903,Тобольск,Russia,RU,0
26379,TJM,57.178984,65.327696,Тюмень,Russia,RU,0
31773,KRO,55.4753,65.415604,Курган,Russia,RU,0
31761,KMW,57.796902,41.019402,Кострома,Russia,RU,0
42934,KLF,54.5499992371,36.3666687012,Калуга,Russia,RU,0
31690,IWA,56.93939971923828,40.940799713134766,Иваново,Russia,RU,0
32241,RYB,58.104198,38.929401,Рыбинск,Russia,RU,0
26393,BZK,53.214403,34.175965,Брянск,Russia,RU,0
42967,ZIA,55.553299,38.150002,Москва,Russia,RU,0
26394,DME,55.408798,37.9063,Москва,Russia,RU,0
26395,IAR,57.560699,40.157398,Туношна,Russia,RU,0
26396,SVO,55.976858,37.41121,Москва,Russia,RU,0
26397,KLD,56.82469940185547,35.7577018737793,Тверь,Russia,RU,0
34969,CKL,55.8783,38.061699,Москва,Russia,RU,0
26398,EGO,50.643798828125,36.5900993347168,Белгород,Russia,RU,0
26399,URS,51.7505989074707,36.29560089111328,Курск,Russia,RU,0
31846,LPK,52.70280075073242,39.53779983520508,Липецк,Russia,RU,0
26400,VOZ,51.813683,39.231711,Воронеж,Russia,RU,0
32427,TBW,52.806099,41.4828,Тамбов,Russia,RU,0
26401,VKO,55.591499,37.261501,Москва,Russia,RU,0
32506,UCT,63.566898,53.804699,Ухта,Russia,RU,0
42946,INA,66.053372,60.105786,Инта,Russia,RU,0
32154,PEX,65.121101,57.130798,Печора,Russia,RU,0
32555,USK,66.0047,57.367199,Усинск,Russia,RU,0
32581,VKT,67.488602,63.993099,Воркута,Russia,RU,0
42949,UTS,65.437294,52.200336,Усть-Цильма,Russia,RU,0
26402,SCW,61.64699935913086,50.84510040283203,Сыктывкар,Russia,RU,0
26403,GOJ,56.227351,43.785152,Нижний Новгород,Russia,RU,0
35174,UUA,54.641184,52.800229,Бугульма,Russia,RU,0
26404,KZN,55.606201,49.278702,Казань,Russia,RU,0
26405,NBC,55.564701,52.092499,Нижнекамск,Russia,RU,0
31707,JOK,56.7006,47.904701,Йошкар-Ола,Russia,RU,0
26406,CSY,56.090302,47.347301,Чебоксары,Russia,RU,0
35104,ULV,54.268299,48.2267,Ульяновск,Russia,RU,0
26407,ULY,54.401001,48.8027,Чердаклы,Russia,RU,0
26408,REN,51.792668,55.457229,Оренбург,Russia,RU,0
26409,OSW,51.072498,58.5956,Орск,Russia,RU,0
32155,PEZ,53.110599517822266,45.02109909057617,Пенза,Russia,RU,0
42965,SKX,54.12513,45.212257,Саранск,Russia,RU,0
30804,BWO,51.858299,47.745602,Балаково,Russia,RU,0
339001,GSV,51.712778,46.171111,Саратов,Russia,RU,0
30690,BCX,53.938389,58.340113,Белорецк,Russia,RU,0
32112,OKT,54.439999,53.388302,Кзыл-Яр,Russia,RU,0
26411,UFA,54.557498931885,55.874401092529,Уфа,Russia,RU,0
26412,KUF,53.504902,50.164299,Самара,Russia,RU,0